year,ppm,yearsBefore2019
2019,411.4941666666667,0
2018,408.5874999999999,1
2017,406.585,2
2016,404.2775000000001,3
2015,400.88500000000005,4
2014,398.6141666666667,5
2013,396.5666666666666,6
2012,393.87000000000006,7
2011,391.6483333333333,8
2010,389.90000000000003,9
2009,387.35999999999996,10
2008,385.4491666666667,11
2007,383.5925,12
2006,381.80749999999995,13
2005,379.6016666666667,14
2004,377.3633333333334,15
2003,375.6366666666666,16
2002,373.0958333333333,17
2001,371.0191666666667,18
2000,369.47499999999997,19
1999,368.3125,20
1998,366.63000000000005,21
1997,363.7633333333333,22
1996,362.6408333333333,23
1995,360.8758333333333,24
1994,358.8858333333333,25
1993,357.04166666666674,26
1992,356.3733333333333,27
1991,355.59083333333336,28
1990,354.1858333333333,29
1989,352.90916666666664,30
1988,351.48500000000007,31
1987,348.93333333333334,32
1986,347.15333333333336,33
1985,345.9025000000001,34
1984,344.42083333333335,35
1983,342.7816666666667,36
1982,341.13166666666666,37
1981,339.93333333333334,38
1980,338.68416666666667,39
1979,336.85083333333336,40
1978,335.50499999999994,41
1977,333.9008333333333,42
1976,332.1516666666667,43
1975,331.1525,44
1974,330.2441666666667,45
1973,329.67749999999995,46
1972,327.45666666666665,47
1971,326.32,48
1970,325.6816666666667,49
1969,324.6225,50
1968,323.05,51
1967,322.18083333333334,52
1966,321.3691666666666,53
1965,320.0366666666667,54
1964,319.2022222222222,55
1963,318.9925,56
1962,318.4541666666667,57
1961,317.64416666666665,58
1960,316.91,59
1959,315.9816666666667,60
1958,315.2,61
1957,314.7,62
1956,314.1,63
1955,313.5,64
1954,312.8,65
1953,312.2,66
1952,311.8,67
1951,311.5,68
1950,311.2,69
1949,311.0,70
1948,310.9,71
1947,310.8,72
1946,310.8,73
1945,310.9,74
1944,311.0,75
1943,311.0,76
1942,311.0,77
1941,310.8,78
1940,310.5,79
1939,310.1,80
1938,309.6,81
1937,309.2,82
1936,308.7,83
1935,308.4,84
1934,308.0,85
1933,307.6,86
1932,307.3,87
1931,307.0,88
1930,306.6,89
1929,306.2,90
1928,305.8,91
1927,305.4,92
1926,305.0,93
1925,304.7,94
1924,304.4,95
1923,304.1,96
1922,303.9,97
1921,303.7,98
1920,303.4,99
1919,303.0,100
1918,302.6,101
1917,302.1,102
1916,301.6,103
1915,301.1,104
1914,300.6,105
1913,300.2,106
1912,299.8,107
1911,299.5,108
1910,299.3,109
1909,299.1,110
1908,298.7,111
1907,298.3,112
1906,297.9,113
1905,297.4,114
1904,297.0,115
1903,296.7,116
1902,296.4,117
1901,296.2,118
1900,296.1,119
1899,296.0,120
1898,296.0,121
1897,296.0,122
1896,295.9,123
1895,295.5,124
1894,295.1,125
1893,294.6,126
1892,294.1,127
1891,293.6,128
1890,293.0,129
1889,292.6,130
1888,292.2,131
1887,291.8,132
1886,291.3,133
1885,290.9,134
1884,290.6,135
1883,290.3,136
1882,290.1,137
1881,289.9,138
1880,289.8,139
1879,289.6,140
1878,289.6,141
1877,289.6,142
1876,289.5,143
1875,289.5,144
1874,289.4,145
1873,289.1,146
1872,288.8,147
1871,288.3,148
1870,287.9,149
1869,287.5,150
1868,287.1,151
1867,286.8,152
1866,286.5,153
1865,286.3,154
1864,286.1,155
1863,286.1,156
1862,286.1,157
1861,286.1,158
1860,286.1,159
1859,286.2,160
1858,286.2,161
1857,286.2,162
1856,286.2,163
1855,286.4,164
1854,286.5,165
1853,286.7,166
1852,286.8,167
1851,286.8,168
1850,286.8,169
1849,286.8,170
1848,286.6,171
1847,286.5,172
1846,286.2,173
1845,285.9,174
1844,285.5,175
1843,285.1,176
1842,284.6,177
1841,284.3,178
1840,284.0,179
1839,283.9,180
1838,283.9,181
1837,283.9,182
1836,283.9,183
1835,283.9,184
1834,284.0,185
1833,284.0,186
1832,284.0,187
1831,284.0,188
1830,283.9,189
1829,283.7,190
1828,283.6,191
1827,283.4,192
1826,283.2,193
1825,283.1,194
1824,283.0,195
1823,283.0,196
1822,283.1,197
1821,283.2,198
1820,283.3,199
1819,283.5,200
1818,283.6,201
1817,283.8,202
1816,283.9,203
1815,284.1,204
1814,284.2,205
1813,284.2,206
1812,284.2,207
1811,284.2,208
1810,284.2,209
1809,284.1,210
1808,284.0,211
1807,283.9,212
1806,283.7,213
1805,283.6,214
1804,283.4,215
1803,283.2,216
1802,283.0,217
1801,282.8,218
1800,282.6,219
1799,282.4,220
1798,282.1,221
1797,281.9,222
1796,281.7,223
1795,281.4,224
1794,281.2,225
1793,280.9,226
1792,280.6,227
1791,280.3,228
1790,280.0,229
1789,279.7,230
1788,279.4,231
1787,279.1,232
1786,278.9,233
1785,278.6,234
1784,278.4,235
1783,278.3,236
1782,278.2,237
1781,278.1,238
1780,278.2,239
1779,278.2,240
1778,278.2,241
1777,278.1,242
1776,278.1,243
1775,278.0,244
1774,277.8,245
1773,277.7,246
1772,277.6,247
1771,277.4,248
1770,277.3,249
1769,277.1,250
1768,277.0,251
1767,276.9,252
1766,276.7,253
1765,276.6,254
1764,276.6,255
1763,276.5,256
1762,276.5,257
1761,276.5,258
1760,276.5,259
1759,276.5,260
1758,276.6,261
1757,276.6,262
1756,276.6,263
1755,276.7,264
1754,276.7,265
1753,276.8,266
1752,276.8,267
1751,276.8,268
1750,276.8,269
1749,276.8,270
1748,276.8,271
1747,276.8,272
1746,276.8,273
1745,276.8,274
1744,276.8,275
1743,276.9,276
1742,277.0,277
1741,277.1,278
1740,277.2,279
1739,277.4,280
1738,277.5,281
1737,277.7,282
1736,277.8,283
1735,278.0,284
1734,278.0,285
1733,278.1,286
1732,278.1,287
1731,278.1,288
1730,278.0,289
1729,277.9,290
1728,277.8,291
1727,277.7,292
1726,277.6,293
1725,277.5,294
1724,277.4,295
1723,277.3,296
1722,277.2,297
1721,277.1,298
1720,277.0,299
1719,276.9,300
1718,276.8,301
1717,276.8,302
1716,276.7,303
1715,276.7,304
1714,276.7,305
1713,276.6,306
1712,276.6,307
1711,276.6,308
1710,276.6,309
1709,276.6,310
1708,276.6,311
1707,276.6,312
1706,276.6,313
1705,276.6,314
1704,276.6,315
1703,276.6,316
1702,276.6,317
1701,276.6,318
1700,276.6,319
1699,276.6,320
1698,276.6,321
1697,276.6,322
1696,276.5,323
1695,276.5,324
1694,276.5,325
1693,276.4,326
1692,276.4,327
1691,276.4,328
1690,276.3,329
1689,276.3,330
1688,276.2,331
1687,276.1,332
1686,276.1,333
1685,276.0,334
1684,276.0,335
1683,276.0,336
1682,275.9,337
1681,275.9,338
1680,275.9,339
1679,275.9,340
1678,275.9,341
1677,275.9,342
1676,276.0,343
1675,276.0,344
1674,276.0,345
1673,276.1,346
1672,276.1,347
1671,276.2,348
1670,276.2,349
1669,276.3,350
1668,276.4,351
1667,276.4,352
1666,276.5,353
1665,276.6,354
1664,276.6,355
1663,276.7,356
1662,276.8,357
1661,276.8,358
1660,276.9,359
1659,276.9,360
1658,277.0,361
1657,277.0,362
1656,277.1,363
1655,277.1,364
1654,277.2,365
1653,277.2,366
1652,277.2,367
1651,277.2,368
1650,277.2,369
1649,277.2,370
1648,277.2,371
1647,277.1,372
1646,277.1,373
1645,277.0,374
1644,277.0,375
1643,276.9,376
1642,276.8,377
1641,276.7,378
1640,276.6,379
1639,276.4,380
1638,276.3,381
1637,276.2,382
1636,276.0,383
1635,275.8,384
1634,275.6,385
1633,275.4,386
1632,275.2,387
1631,275.0,388
1630,274.7,389
1629,274.5,390
1628,274.2,391
1627,274.0,392
1626,273.7,393
1625,273.4,394
1624,273.2,395
1623,272.9,396
1622,272.7,397
1621,272.5,398
1620,272.3,399
1619,272.1,400
1618,271.9,401
1617,271.8,402
1616,271.7,403
1615,271.6,404
1614,271.6,405
1613,271.6,406
1612,271.7,407
1611,271.8,408
1610,272.0,409
1609,272.3,410
1608,272.5,411
1607,272.9,412
1606,273.2,413
1605,273.6,414
1604,273.9,415
1603,274.3,416
1602,274.7,417
1601,275.0,418
1600,275.4,419
1599,275.8,420
1598,276.2,421
1597,276.6,422
1596,276.9,423
1595,277.4,424
1594,277.8,425
1593,278.2,426
1592,278.7,427
1591,279.2,428
1590,279.7,429
1589,280.2,430
1588,280.7,431
1587,281.0,432
1586,281.4,433
1585,281.6,434
1584,281.8,435
1583,282.0,436
1582,282.1,437
1581,282.2,438
1580,282.2,439
1579,282.2,440
1578,282.2,441
1577,282.2,442
1576,282.1,443
1575,282.1,444
1574,282.0,445
1573,281.9,446
1572,281.9,447
1571,281.8,448
1570,281.8,449
1569,281.7,450
1568,281.7,451
1567,281.7,452
1566,281.6,453
1565,281.6,454
1564,281.6,455
1563,281.6,456
1562,281.7,457
1561,281.7,458
1560,281.8,459
1559,281.8,460
1558,281.9,461
1557,282.0,462
1556,282.1,463
1555,282.2,464
1554,282.3,465
1553,282.4,466
1552,282.5,467
1551,282.6,468
1550,282.7,469
1549,282.8,470
1548,282.9,471
1547,283.0,472
1546,283.0,473
1545,283.1,474
1544,283.1,475
1543,283.1,476
1542,283.2,477
1541,283.2,478
1540,283.2,479
1539,283.2,480
1538,283.2,481
1537,283.2,482
1536,283.2,483
1535,283.2,484
1534,283.2,485
1533,283.2,486
1532,283.2,487
1531,283.2,488
1530,283.2,489
1529,283.2,490
1528,283.2,491
1527,283.2,492
1526,283.2,493
1525,283.2,494
1524,283.2,495
1523,283.2,496
1522,283.2,497
1521,283.2,498
1520,283.1,499
1519,283.1,500
1518,283.1,501
1517,283.1,502
1516,283.1,503
1515,283.1,504
1514,283.0,505
1513,283.0,506
1512,283.0,507
1511,282.9,508
1510,282.9,509
1509,282.9,510
1508,282.8,511
1507,282.8,512
1506,282.7,513
1505,282.6,514
1504,282.6,515
1503,282.5,516
1502,282.4,517
1501,282.3,518
1500,282.3,519
1499,282.2,520
1498,282.1,521
1497,282.0,522
1496,281.8,523
1495,281.7,524
1494,281.6,525
1493,281.5,526
1492,281.4,527
1491,281.3,528
1490,281.2,529
1489,281.0,530
1488,280.9,531
1487,280.8,532
1486,280.7,533
1485,280.6,534
1484,280.5,535
1483,280.4,536
1482,280.3,537
1481,280.2,538
1480,280.1,539
1479,280.0,540
1478,279.9,541
1477,279.9,542
1476,279.8,543
1475,279.7,544
1474,279.7,545
1473,279.7,546
1472,279.6,547
1471,279.6,548
1470,279.6,549
1469,279.6,550
1468,279.6,551
1467,279.7,552
1466,279.7,553
1465,279.8,554
1464,279.8,555
1463,279.9,556
1462,280.0,557
1461,280.1,558
1460,280.2,559
1459,280.3,560
1458,280.4,561
1457,280.5,562
1456,280.7,563
1455,280.8,564
1454,280.9,565
1453,281.1,566
1452,281.3,567
1451,281.4,568
1450,281.6,569
1449,281.8,570
1448,281.9,571
1447,282.1,572
1446,282.3,573
1445,282.5,574
1444,282.6,575
1443,282.8,576
1442,282.9,577
1441,283.0,578
1440,283.0,579
1439,283.0,580
1438,283.0,581
1437,283.0,582
1436,282.8,583
1435,282.7,584
1434,282.5,585
1433,282.2,586
1432,281.8,587
1431,281.4,588
1430,280.9,589
1429,280.5,590
1428,280.1,591
1427,279.7,592
1426,279.4,593
1425,279.2,594
1424,279.0,595
1423,278.9,596
1422,278.8,597
1421,278.8,598
1420,278.8,599
1419,278.8,600
1418,278.9,601
1417,278.9,602
1416,279.0,603
1415,279.1,604
1414,279.2,605
1413,279.4,606
1412,279.5,607
1411,279.6,608
1410,279.7,609
1409,279.8,610
1408,279.8,611
1407,279.9,612
1406,280.0,613
1405,280.0,614
1404,280.1,615
1403,280.1,616
1402,280.2,617
1401,280.2,618
1400,280.2,619
1399,280.3,620
1398,280.3,621
1397,280.3,622
1396,280.3,623
1395,280.3,624
1394,280.3,625
1393,280.3,626
1392,280.2,627
1391,280.2,628
1390,280.2,629
1389,280.1,630
1388,280.1,631
1387,280.1,632
1386,280.0,633
1385,280.0,634
1384,279.9,635
1383,279.9,636
1382,279.8,637
1381,279.8,638
1380,279.7,639
1379,279.7,640
1378,279.6,641
1377,279.6,642
1376,279.5,643
1375,279.5,644
1374,279.4,645
1373,279.4,646
1372,279.3,647
1371,279.3,648
1370,279.2,649
1369,279.2,650
1368,279.2,651
1367,279.2,652
1366,279.2,653
1365,279.2,654
1364,279.2,655
1363,279.2,656
1362,279.2,657
1361,279.2,658
1360,279.2,659
1359,279.3,660
1358,279.3,661
1357,279.4,662
1356,279.4,663
1355,279.5,664
1354,279.6,665
1353,279.7,666
1352,279.8,667
1351,279.9,668
1350,280.1,669
1349,280.2,670
1348,280.4,671
1347,280.6,672
1346,280.8,673
1345,280.9,674
1344,281.1,675
1343,281.3,676
1342,281.5,677
1341,281.7,678
1340,281.9,679
1339,282.1,680
1338,282.3,681
1337,282.5,682
1336,282.7,683
1335,282.8,684
1334,283.0,685
1333,283.1,686
1332,283.2,687
1331,283.3,688
1330,283.4,689
1329,283.4,690
1328,283.5,691
1327,283.5,692
1326,283.5,693
1325,283.4,694
1324,283.4,695
1323,283.4,696
1322,283.3,697
1321,283.2,698
1320,283.1,699
1319,283.0,700
1318,282.9,701
1317,282.8,702
1316,282.7,703
1315,282.6,704
1314,282.4,705
1313,282.3,706
1312,282.2,707
1311,282.1,708
1310,281.9,709
1309,281.8,710
1308,281.7,711
1307,281.6,712
1306,281.5,713
1305,281.4,714
1304,281.3,715
1303,281.2,716
1302,281.1,717
1301,281.0,718
1300,281.0,719
1299,280.9,720
1298,280.9,721
1297,280.8,722
1296,280.8,723
1295,280.7,724
1294,280.7,725
1293,280.7,726
1292,280.7,727
1291,280.7,728
1290,280.7,729
1289,280.7,730
1288,280.7,731
1287,280.7,732
1286,280.7,733
1285,280.7,734
1284,280.7,735
1283,280.8,736
1282,280.8,737
1281,280.8,738
1280,280.9,739
1279,280.9,740
1278,281.0,741
1277,281.0,742
1276,281.1,743
1275,281.2,744
1274,281.2,745
1273,281.3,746
1272,281.4,747
1271,281.4,748
1270,281.5,749
1269,281.6,750
1268,281.7,751
1267,281.7,752
1266,281.8,753
1265,281.8,754
1264,281.9,755
1263,281.9,756
1262,282.0,757
1261,282.0,758
1260,282.0,759
1259,282.1,760
1258,282.1,761
1257,282.1,762
1256,282.1,763
1255,282.0,764
1254,282.0,765
1253,282.0,766
1252,281.9,767
1251,281.9,768
1250,281.8,769
1249,281.8,770
1248,281.8,771
1247,281.7,772
1246,281.7,773
1245,281.7,774
1244,281.7,775
1243,281.7,776
1242,281.7,777
1241,281.7,778
1240,281.7,779
1239,281.7,780
1238,281.8,781
1237,281.8,782
1236,281.8,783
1235,281.9,784
1234,281.9,785
1233,282.0,786
1232,282.0,787
1231,282.1,788
1230,282.1,789
1229,282.2,790
1228,282.3,791
1227,282.3,792
1226,282.4,793
1225,282.5,794
1224,282.5,795
1223,282.6,796
1222,282.7,797
1221,282.7,798
1220,282.8,799
1219,282.9,800
1218,283.0,801
1217,283.0,802
1216,283.1,803
1215,283.2,804
1214,283.2,805
1213,283.3,806
1212,283.4,807
1211,283.4,808
1210,283.5,809
1209,283.5,810
1208,283.6,811
1207,283.6,812
1206,283.7,813
1205,283.7,814
1204,283.7,815
1203,283.7,816
1202,283.8,817
1201,283.8,818
1200,283.8,819
1199,283.8,820
1198,283.8,821
1197,283.9,822
1196,283.9,823
1195,283.9,824
1194,283.9,825
1193,283.9,826
1192,283.9,827
1191,283.9,828
1190,283.9,829
1189,283.9,830
1188,283.9,831
1187,283.9,832
1186,283.9,833
1185,283.9,834
1184,283.9,835
1183,283.9,836
1182,283.9,837
1181,283.9,838
1180,283.9,839
1179,283.9,840
1178,283.9,841
1177,283.9,842
1176,283.9,843
1175,283.9,844
1174,283.9,845
1173,283.9,846
1172,283.9,847
1171,283.9,848
1170,283.9,849
1169,283.9,850
1168,283.9,851
1167,283.9,852
1166,283.9,853
1165,283.9,854
1164,283.9,855
1163,283.9,856
1162,283.9,857
1161,283.9,858
1160,283.9,859
1159,283.9,860
1158,283.9,861
1157,283.9,862
1156,283.9,863
1155,283.9,864
1154,283.9,865
1153,283.9,866
1152,283.9,867
1151,283.9,868
1150,283.9,869
1149,283.9,870
1148,283.9,871
1147,283.9,872
1146,283.9,873
1145,283.9,874
1144,283.9,875
1143,283.9,876
1142,283.9,877
1141,283.8,878
1140,283.8,879
1139,283.8,880
1138,283.8,881
1137,283.8,882
1136,283.8,883
1135,283.8,884
1134,283.7,885
1133,283.7,886
1132,283.7,887
1131,283.7,888
1130,283.7,889
1129,283.6,890
1128,283.6,891
1127,283.6,892
1126,283.6,893
1125,283.5,894
1124,283.5,895
1123,283.5,896
1122,283.4,897
1121,283.4,898
1120,283.4,899
1119,283.3,900
1118,283.3,901
1117,283.3,902
1116,283.2,903
1115,283.2,904
1114,283.1,905
1113,283.1,906
1112,283.1,907
1111,283.0,908
1110,283.0,909
1109,282.9,910
1108,282.9,911
1107,282.9,912
1106,282.8,913
1105,282.8,914
1104,282.7,915
1103,282.7,916
1102,282.7,917
1101,282.6,918
1100,282.6,919
1099,282.6,920
1098,282.5,921
1097,282.5,922
1096,282.5,923
1095,282.4,924
1094,282.4,925
1093,282.4,926
1092,282.4,927
1091,282.4,928
1090,282.4,929
1089,282.4,930
1088,282.4,931
1087,282.4,932
1086,282.4,933
1085,282.5,934
1084,282.5,935
1083,282.5,936
1082,282.6,937
1081,282.6,938
1080,282.7,939
1079,282.7,940
1078,282.8,941
1077,282.8,942
1076,282.9,943
1075,282.9,944
1074,282.9,945
1073,283.0,946
1072,283.0,947
1071,283.0,948
1070,283.1,949
1069,283.1,950
1068,283.1,951
1067,283.1,952
1066,283.1,953
1065,283.1,954
1064,283.1,955
1063,283.1,956
1062,283.0,957
1061,283.0,958
1060,282.9,959
1059,282.9,960
1058,282.8,961
1057,282.7,962
1056,282.6,963
1055,282.4,964
1054,282.3,965
1053,282.2,966
1052,282.0,967
1051,281.9,968
1050,281.8,969
1049,281.6,970
1048,281.5,971
1047,281.3,972
1046,281.2,973
1045,281.0,974
1044,280.9,975
1043,280.8,976
1042,280.7,977
1041,280.6,978
1040,280.5,979
1039,280.4,980
1038,280.4,981
1037,280.4,982
1036,280.3,983
1035,280.4,984
1034,280.4,985
1033,280.4,986
1032,280.5,987
1031,280.5,988
1030,280.6,989
1029,280.6,990
1028,280.7,991
1027,280.7,992
1026,280.7,993
1025,280.8,994
1024,280.8,995
1023,280.8,996
1022,280.7,997
1021,280.7,998
1020,280.7,999
1019,280.6,1000
1018,280.6,1001
1017,280.5,1002
1016,280.4,1003
1015,280.3,1004
1014,280.3,1005
1013,280.2,1006
1012,280.1,1007
1011,280.0,1008
1010,279.9,1009
1009,279.8,1010
1008,279.7,1011
1007,279.6,1012
1006,279.5,1013
1005,279.4,1014
1004,279.3,1015
1003,279.2,1016
1002,279.2,1017
1001,279.1,1018
1000,279.0,1019
999,279.0,1020
998,278.9,1021
997,278.8,1022
996,278.8,1023
995,278.7,1024
994,278.7,1025
993,278.7,1026
992,278.6,1027
991,278.6,1028
990,278.6,1029
989,278.5,1030
988,278.5,1031
987,278.5,1032
986,278.5,1033
985,278.4,1034
984,278.4,1035
983,278.4,1036
982,278.4,1037
981,278.4,1038
980,278.4,1039
979,278.4,1040
978,278.4,1041
977,278.4,1042
976,278.4,1043
975,278.4,1044
974,278.4,1045
973,278.4,1046
972,278.4,1047
971,278.5,1048
970,278.5,1049
969,278.5,1050
968,278.5,1051
967,278.5,1052
966,278.5,1053
965,278.6,1054
964,278.6,1055
963,278.6,1056
962,278.7,1057
961,278.7,1058
960,278.7,1059
959,278.7,1060
958,278.8,1061
957,278.8,1062
956,278.8,1063
955,278.8,1064
954,278.9,1065
953,278.9,1066
952,278.9,1067
951,279.0,1068
950,279.0,1069
949,279.0,1070
948,279.0,1071
947,279.0,1072
946,279.1,1073
945,279.1,1074
944,279.1,1075
943,279.1,1076
942,279.1,1077
941,279.1,1078
940,279.1,1079
939,279.2,1080
938,279.2,1081
937,279.2,1082
936,279.2,1083
935,279.2,1084
934,279.2,1085
933,279.2,1086
932,279.2,1087
931,279.2,1088
930,279.2,1089
929,279.2,1090
928,279.1,1091
927,279.1,1092
926,279.1,1093
925,279.1,1094
924,279.1,1095
923,279.1,1096
922,279.1,1097
921,279.1,1098
920,279.1,1099
919,279.1,1100
918,279.1,1101
917,279.0,1102
916,279.0,1103
915,279.0,1104
914,279.0,1105
913,279.0,1106
912,279.0,1107
911,279.0,1108
910,279.0,1109
909,279.0,1110
908,278.9,1111
907,278.9,1112
906,278.9,1113
905,278.9,1114
904,278.9,1115
903,278.9,1116
902,278.9,1117
901,278.9,1118
900,278.9,1119
899,278.9,1120
898,278.9,1121
897,278.9,1122
896,278.9,1123
895,278.9,1124
894,278.9,1125
893,278.9,1126
892,278.9,1127
891,278.9,1128
890,278.9,1129
889,279.0,1130
888,279.0,1131
887,279.0,1132
886,279.0,1133
885,279.0,1134
884,279.0,1135
883,279.0,1136
882,279.0,1137
881,279.0,1138
880,279.1,1139
879,279.1,1140
878,279.1,1141
877,279.1,1142
876,279.1,1143
875,279.1,1144
874,279.1,1145
873,279.2,1146
872,279.2,1147
871,279.2,1148
870,279.2,1149
869,279.2,1150
868,279.2,1151
867,279.2,1152
866,279.2,1153
865,279.3,1154
864,279.3,1155
863,279.3,1156
862,279.3,1157
861,279.3,1158
860,279.3,1159
859,279.3,1160
858,279.3,1161
857,279.3,1162
856,279.3,1163
855,279.3,1164
854,279.3,1165
853,279.3,1166
852,279.3,1167
851,279.3,1168
850,279.3,1169
849,279.3,1170
848,279.3,1171
847,279.3,1172
846,279.2,1173
845,279.2,1174
844,279.2,1175
843,279.2,1176
842,279.2,1177
841,279.2,1178
840,279.2,1179
839,279.1,1180
838,279.1,1181
837,279.1,1182
836,279.1,1183
835,279.1,1184
834,279.1,1185
833,279.0,1186
832,279.0,1187
831,279.0,1188
830,279.0,1189
829,279.0,1190
828,279.0,1191
827,278.9,1192
826,278.9,1193
825,278.9,1194
824,278.9,1195
823,278.9,1196
822,278.8,1197
821,278.8,1198
820,278.8,1199
819,278.8,1200
818,278.8,1201
817,278.7,1202
816,278.7,1203
815,278.7,1204
814,278.7,1205
813,278.7,1206
812,278.7,1207
811,278.6,1208
810,278.6,1209
809,278.6,1210
808,278.6,1211
807,278.6,1212
806,278.6,1213
805,278.6,1214
804,278.5,1215
803,278.5,1216
802,278.5,1217
801,278.5,1218
800,278.5,1219
799,278.5,1220
798,278.5,1221
797,278.5,1222
796,278.5,1223
795,278.5,1224
794,278.5,1225
793,278.5,1226
792,278.5,1227
791,278.5,1228
790,278.5,1229
789,278.5,1230
788,278.5,1231
787,278.5,1232
786,278.5,1233
785,278.5,1234
784,278.5,1235
783,278.5,1236
782,278.5,1237
781,278.5,1238
780,278.5,1239
779,278.5,1240
778,278.5,1241
777,278.5,1242
776,278.5,1243
775,278.5,1244
774,278.5,1245
773,278.5,1246
772,278.5,1247
771,278.5,1248
770,278.5,1249
769,278.5,1250
768,278.5,1251
767,278.5,1252
766,278.5,1253
765,278.5,1254
764,278.5,1255
763,278.5,1256
762,278.5,1257
761,278.5,1258
760,278.5,1259
759,278.5,1260
758,278.5,1261
757,278.4,1262
756,278.4,1263
755,278.4,1264
754,278.4,1265
753,278.4,1266
752,278.4,1267
751,278.4,1268
750,278.4,1269
749,278.4,1270
748,278.4,1271
747,278.4,1272
746,278.4,1273
745,278.4,1274
744,278.4,1275
743,278.4,1276
742,278.4,1277
741,278.4,1278
740,278.4,1279
739,278.4,1280
738,278.4,1281
737,278.4,1282
736,278.4,1283
735,278.4,1284
734,278.4,1285
733,278.4,1286
732,278.5,1287
731,278.5,1288
730,278.5,1289
729,278.5,1290
728,278.6,1291
727,278.6,1292
726,278.6,1293
725,278.7,1294
724,278.7,1295
723,278.7,1296
722,278.8,1297
721,278.8,1298
720,278.9,1299
719,278.9,1300
718,278.9,1301
717,279.0,1302
716,279.0,1303
715,279.1,1304
714,279.1,1305
713,279.2,1306
712,279.2,1307
711,279.3,1308
710,279.3,1309
709,279.3,1310
708,279.4,1311
707,279.4,1312
706,279.5,1313
705,279.5,1314
704,279.5,1315
703,279.6,1316
702,279.6,1317
701,279.6,1318
700,279.7,1319
699,279.7,1320
698,279.7,1321
697,279.7,1322
696,279.7,1323
695,279.7,1324
694,279.8,1325
693,279.8,1326
692,279.8,1327
691,279.8,1328
690,279.8,1329
689,279.8,1330
688,279.8,1331
687,279.8,1332
686,279.7,1333
685,279.7,1334
684,279.7,1335
683,279.7,1336
682,279.7,1337
681,279.7,1338
680,279.7,1339
679,279.6,1340
678,279.6,1341
677,279.6,1342
676,279.6,1343
675,279.6,1344
674,279.5,1345
673,279.5,1346
672,279.5,1347
671,279.5,1348
670,279.5,1349
669,279.4,1350
668,279.4,1351
667,279.4,1352
666,279.4,1353
665,279.3,1354
664,279.3,1355
663,279.3,1356
662,279.3,1357
661,279.2,1358
660,279.2,1359
659,279.2,1360
658,279.2,1361
657,279.1,1362
656,279.1,1363
655,279.1,1364
654,279.1,1365
653,279.0,1366
652,279.0,1367
651,279.0,1368
650,279.0,1369
649,278.9,1370
648,278.9,1371
647,278.9,1372
646,278.8,1373
645,278.8,1374
644,278.8,1375
643,278.7,1376
642,278.7,1377
641,278.7,1378
640,278.6,1379
639,278.6,1380
638,278.6,1381
637,278.5,1382
636,278.5,1383
635,278.4,1384
634,278.4,1385
633,278.3,1386
632,278.3,1387
631,278.2,1388
630,278.2,1389
629,278.1,1390
628,278.1,1391
627,278.0,1392
626,278.0,1393
625,277.9,1394
624,277.9,1395
623,277.8,1396
622,277.8,1397
621,277.7,1398
620,277.6,1399
619,277.6,1400
618,277.5,1401
617,277.5,1402
616,277.4,1403
615,277.4,1404
614,277.3,1405
613,277.3,1406
612,277.2,1407
611,277.2,1408
610,277.2,1409
609,277.1,1410
608,277.1,1411
607,277.0,1412
606,277.0,1413
605,277.0,1414
604,277.0,1415
603,276.9,1416
602,276.9,1417
601,276.9,1418
600,276.9,1419
599,276.9,1420
598,276.9,1421
597,276.9,1422
596,276.9,1423
595,276.9,1424
594,276.9,1425
593,277.0,1426
592,277.0,1427
591,277.0,1428
590,277.0,1429
589,277.1,1430
588,277.1,1431
587,277.2,1432
586,277.2,1433
585,277.2,1434
584,277.3,1435
583,277.3,1436
582,277.4,1437
581,277.4,1438
580,277.4,1439
579,277.5,1440
578,277.5,1441
577,277.5,1442
576,277.5,1443
575,277.6,1444
574,277.6,1445
573,277.6,1446
572,277.6,1447
571,277.6,1448
570,277.6,1449
569,277.6,1450
568,277.6,1451
567,277.5,1452
566,277.5,1453
565,277.5,1454
564,277.4,1455
563,277.4,1456
562,277.4,1457
561,277.3,1458
560,277.3,1459
559,277.2,1460
558,277.2,1461
557,277.1,1462
556,277.0,1463
555,277.0,1464
554,276.9,1465
553,276.9,1466
552,276.8,1467
551,276.7,1468
550,276.7,1469
549,276.6,1470
548,276.6,1471
547,276.5,1472
546,276.4,1473
545,276.4,1474
544,276.3,1475
543,276.3,1476
542,276.2,1477
541,276.2,1478
540,276.1,1479
539,276.1,1480
538,276.1,1481
537,276.0,1482
536,276.0,1483
535,276.0,1484
534,275.9,1485
533,275.9,1486
532,275.9,1487
531,275.9,1488
530,275.9,1489
529,275.9,1490
528,275.9,1491
527,275.9,1492
526,275.9,1493
525,275.9,1494
524,275.9,1495
523,275.9,1496
522,275.9,1497
521,275.9,1498
520,275.9,1499
519,275.9,1500
518,276.0,1501
517,276.0,1502
516,276.0,1503
515,276.0,1504
514,276.0,1505
513,276.1,1506
512,276.1,1507
511,276.1,1508
510,276.1,1509
509,276.2,1510
508,276.2,1511
507,276.2,1512
506,276.3,1513
505,276.3,1514
504,276.3,1515
503,276.3,1516
502,276.3,1517
501,276.4,1518
500,276.4,1519
499,276.4,1520
498,276.4,1521
497,276.5,1522
496,276.5,1523
495,276.5,1524
494,276.5,1525
493,276.5,1526
492,276.5,1527
491,276.5,1528
490,276.5,1529
489,276.6,1530
488,276.6,1531
487,276.6,1532
486,276.6,1533
485,276.6,1534
484,276.6,1535
483,276.6,1536
482,276.6,1537
481,276.6,1538
480,276.6,1539
479,276.6,1540
478,276.6,1541
477,276.6,1542
476,276.6,1543
475,276.6,1544
474,276.6,1545
473,276.7,1546
472,276.7,1547
471,276.7,1548
470,276.7,1549
469,276.7,1550
468,276.7,1551
467,276.7,1552
466,276.7,1553
465,276.7,1554
464,276.7,1555
463,276.7,1556
462,276.7,1557
461,276.7,1558
460,276.7,1559
459,276.7,1560
458,276.7,1561
457,276.7,1562
456,276.7,1563
455,276.7,1564
454,276.8,1565
453,276.8,1566
452,276.8,1567
451,276.8,1568
450,276.8,1569
449,276.8,1570
448,276.8,1571
447,276.8,1572
446,276.8,1573
445,276.8,1574
444,276.8,1575
443,276.8,1576
442,276.9,1577
441,276.9,1578
440,276.9,1579
439,276.9,1580
438,276.9,1581
437,276.9,1582
436,276.9,1583
435,276.9,1584
434,276.9,1585
433,276.9,1586
432,276.9,1587
431,276.9,1588
430,276.9,1589
429,276.9,1590
428,276.9,1591
427,276.9,1592
426,276.9,1593
425,276.9,1594
424,276.9,1595
423,276.9,1596
422,276.9,1597
421,276.9,1598
420,276.9,1599
419,276.9,1600
418,276.8,1601
417,276.8,1602
416,276.8,1603
415,276.8,1604
414,276.8,1605
413,276.8,1606
412,276.8,1607
411,276.8,1608
410,276.8,1609
409,276.8,1610
408,276.8,1611
407,276.7,1612
406,276.7,1613
405,276.7,1614
404,276.7,1615
403,276.7,1616
402,276.7,1617
401,276.7,1618
400,276.7,1619
399,276.7,1620
398,276.7,1621
397,276.7,1622
396,276.6,1623
395,276.6,1624
394,276.6,1625
393,276.6,1626
392,276.6,1627
391,276.6,1628
390,276.6,1629
389,276.6,1630
388,276.6,1631
387,276.6,1632
386,276.6,1633
385,276.6,1634
384,276.6,1635
383,276.6,1636
382,276.6,1637
381,276.7,1638
380,276.7,1639
379,276.7,1640
378,276.7,1641
377,276.7,1642
376,276.7,1643
375,276.7,1644
374,276.7,1645
373,276.8,1646
372,276.8,1647
371,276.8,1648
370,276.8,1649
369,276.9,1650
368,276.9,1651
367,276.9,1652
366,277.0,1653
365,277.0,1654
364,277.0,1655
363,277.1,1656
362,277.1,1657
361,277.1,1658
360,277.2,1659
359,277.2,1660
358,277.3,1661
357,277.3,1662
356,277.4,1663
355,277.4,1664
354,277.5,1665
353,277.5,1666
352,277.6,1667
351,277.6,1668
350,277.7,1669
349,277.8,1670
348,277.8,1671
347,277.9,1672
346,277.9,1673
345,278.0,1674
344,278.1,1675
343,278.1,1676
342,278.2,1677
341,278.2,1678
340,278.3,1679
339,278.4,1680
338,278.4,1681
337,278.5,1682
336,278.5,1683
335,278.6,1684
334,278.6,1685
333,278.7,1686
332,278.8,1687
331,278.8,1688
330,278.9,1689
329,278.9,1690
328,279.0,1691
327,279.0,1692
326,279.1,1693
325,279.1,1694
324,279.1,1695
323,279.2,1696
322,279.2,1697
321,279.3,1698
320,279.3,1699
319,279.4,1700
318,279.4,1701
317,279.4,1702
316,279.5,1703
315,279.5,1704
314,279.5,1705
313,279.6,1706
312,279.6,1707
311,279.6,1708
310,279.6,1709
309,279.7,1710
308,279.7,1711
307,279.7,1712
306,279.7,1713
305,279.8,1714
304,279.8,1715
303,279.8,1716
302,279.8,1717
301,279.8,1718
300,279.8,1719
299,279.8,1720
298,279.8,1721
297,279.9,1722
296,279.9,1723
295,279.9,1724
294,279.9,1725
293,279.9,1726
292,279.9,1727
291,279.9,1728
290,279.9,1729
289,279.9,1730
288,279.9,1731
287,279.9,1732
286,279.9,1733
285,279.9,1734
284,279.9,1735
283,280.0,1736
282,280.0,1737
281,280.0,1738
280,280.0,1739
279,280.0,1740
278,280.0,1741
277,280.0,1742
276,280.1,1743
275,280.1,1744
274,280.1,1745
273,280.1,1746
272,280.2,1747
271,280.2,1748
270,280.2,1749
269,280.3,1750
268,280.3,1751
267,280.3,1752
266,280.4,1753
265,280.4,1754
264,280.4,1755
263,280.5,1756
262,280.5,1757
261,280.6,1758
260,280.6,1759
259,280.7,1760
258,280.7,1761
257,280.7,1762
256,280.8,1763
255,280.8,1764
254,280.9,1765
253,280.9,1766
252,281.0,1767
251,281.0,1768
250,281.0,1769
249,281.1,1770
248,281.1,1771
247,281.2,1772
246,281.2,1773
245,281.2,1774
244,281.3,1775
243,281.3,1776
242,281.3,1777
241,281.4,1778
240,281.4,1779
239,281.4,1780
238,281.4,1781
237,281.4,1782
236,281.5,1783
235,281.5,1784
234,281.5,1785
233,281.5,1786
232,281.5,1787
231,281.5,1788
230,281.5,1789
229,281.5,1790
228,281.5,1791
227,281.5,1792
226,281.5,1793
225,281.5,1794
224,281.4,1795
223,281.4,1796
222,281.4,1797
221,281.4,1798
220,281.3,1799
219,281.3,1800
218,281.3,1801
217,281.2,1802
216,281.2,1803
215,281.1,1804
214,281.1,1805
213,281.1,1806
212,281.0,1807
211,281.0,1808
210,281.0,1809
209,280.9,1810
208,280.9,1811
207,280.8,1812
206,280.8,1813
205,280.8,1814
204,280.7,1815
203,280.7,1816
202,280.7,1817
201,280.7,1818
200,280.6,1819
199,280.6,1820
198,280.6,1821
197,280.6,1822
196,280.6,1823
195,280.6,1824
194,280.6,1825
193,280.5,1826
192,280.5,1827
191,280.5,1828
190,280.5,1829
189,280.5,1830
188,280.5,1831
187,280.5,1832
186,280.5,1833
185,280.5,1834
184,280.5,1835
183,280.4,1836
182,280.4,1837
181,280.4,1838
180,280.4,1839
179,280.4,1840
178,280.4,1841
177,280.4,1842
176,280.3,1843
175,280.3,1844
174,280.3,1845
173,280.3,1846
172,280.2,1847
171,280.2,1848
170,280.2,1849
169,280.1,1850
168,280.1,1851
167,280.0,1852
166,280.0,1853
165,279.9,1854
164,279.9,1855
163,279.8,1856
162,279.8,1857
161,279.7,1858
160,279.7,1859
159,279.6,1860
158,279.5,1861
157,279.5,1862
156,279.4,1863
155,279.3,1864
154,279.3,1865
153,279.2,1866
152,279.1,1867
151,279.0,1868
150,279.0,1869
149,278.9,1870
148,278.8,1871
147,278.8,1872
146,278.7,1873
145,278.6,1874
144,278.6,1875
143,278.5,1876
142,278.4,1877
141,278.4,1878
140,278.3,1879
139,278.3,1880
138,278.2,1881
137,278.2,1882
136,278.1,1883
135,278.1,1884
134,278.0,1885
133,278.0,1886
132,277.9,1887
131,277.9,1888
130,277.9,1889
129,277.8,1890
128,277.8,1891
127,277.8,1892
126,277.8,1893
125,277.7,1894
124,277.7,1895
123,277.7,1896
122,277.7,1897
121,277.7,1898
120,277.6,1899
119,277.6,1900
118,277.6,1901
117,277.6,1902
116,277.6,1903
115,277.6,1904
114,277.6,1905
113,277.6,1906
112,277.6,1907
111,277.5,1908
110,277.5,1909
109,277.5,1910
108,277.5,1911
107,277.5,1912
106,277.5,1913
105,277.5,1914
104,277.5,1915
103,277.5,1916
102,277.5,1917
101,277.5,1918
100,277.5,1919
99,277.4,1920
98,277.4,1921
97,277.4,1922
96,277.4,1923
95,277.4,1924
94,277.4,1925
93,277.4,1926
92,277.4,1927
91,277.4,1928
90,277.4,1929
89,277.3,1930
88,277.3,1931
87,277.3,1932
86,277.3,1933
85,277.3,1934
84,277.3,1935
83,277.3,1936
82,277.3,1937
81,277.3,1938
80,277.3,1939
79,277.3,1940
78,277.3,1941
77,277.3,1942
76,277.3,1943
75,277.3,1944
74,277.3,1945
73,277.3,1946
72,277.2,1947
71,277.3,1948
70,277.3,1949
69,277.3,1950
68,277.3,1951
67,277.3,1952
66,277.3,1953
65,277.3,1954
64,277.3,1955
63,277.3,1956
62,277.3,1957
61,277.3,1958
60,277.3,1959
59,277.3,1960
58,277.4,1961
57,277.4,1962
56,277.4,1963
55,277.4,1964
54,277.4,1965
53,277.5,1966
52,277.5,1967
51,277.5,1968
50,277.5,1969
49,277.6,1970
48,277.6,1971
47,277.6,1972
46,277.7,1973
45,277.7,1974
44,277.7,1975
43,277.7,1976
42,277.8,1977
41,277.8,1978
40,277.8,1979
39,277.8,1980
38,277.8,1981
37,277.9,1982
36,277.9,1983
35,277.9,1984
34,277.9,1985
33,277.9,1986
32,277.9,1987
31,277.9,1988
30,277.9,1989
29,277.9,1990
28,277.9,1991
27,277.9,1992
26,277.9,1993
25,277.8,1994
24,277.8,1995
23,277.8,1996
22,277.7,1997
21,277.7,1998
20,277.7,1999
19,277.6,2000
18,277.6,2001
17,277.6,2002
16,277.5,2003
15,277.5,2004
14,277.4,2005
13,277.4,2006
12,277.3,2007
11,277.3,2008
10,277.2,2009
9,277.2,2010
8,277.1,2011
7,277.1,2012
6,277.0,2013
5,276.9,2014
4,276.9,2015
3,276.8,2016
2,276.8,2017
1,276.7,2018
-107,276.7,2126
-178,276.7,2197
-262,277.6,2281
-384,277.9,2403
-483,273.9,2502
-586,278.9,2605
-654,275.3,2673
-778,274.7,2797
-856,276.3,2875
-952,274.6,2971
-1103,276.3,3122
-1166,273.1,3185
-1265,274.0,3284
-1386,275.0,3405
-1503,273.4,3522
-1573,273.0,3592
-1672,271.5,3691
-1771,275.4,3790
-1840,274.9,3859
-1960,271.7,3979
-2054,271.6,4073
-2146,272.8,4165
-2211,271.5,4230
-2374,271.1,4393
-2424,269.1,4443
-2530,269.8,4549
-2623,271.5,4642
-2753,270.7,4772
-2816,269.3,4835
-2924,268.6,4943
-3054,269.8,5073
-3144,267.6,5163
-3210,265.3,5229
-3324,265.2,5343
-3420,267.6,5439
-3526,265.9,5545
-3612,265.5,5631
-3707,260.7,5726
-3766,266.7,5785
-3905,265.5,5924
-4048,263.2,6067
-4089,262.7,6108
-4181,261.2,6200
-4313,261.1,6332
-4404,259.4,6423
-4484,262.1,6503
-4595,262.9,6614
-4667,258.1,6686
-4763,257.6,6782
-4888,262.3,6907
-4991,263.0,7010
-5078,260.7,7097
-5162,258.4,7181
-5284,260.1,7303
-5370,260.4,7389
-5463,259.7,7482
-5557,259.2,7576
-5640,260.8,7659
-5741,259.6,7760
-5831,259.3,7850
-5926,258.3,7945
-6040,261.3,8059
-6100,260.7,8119
-6231,261.8,8250
-6331,259.0,8350
-6437,260.9,8456
-6527,260.4,8546
-6629,259.3,8648
-6703,262.0,8722
-6834,263.7,8853
-6919,263.8,8938
-7023,265.2,9042
-7142,260.6,9161
-7190,260.9,9209
-7282,263.0,9301
-7367,263.8,9386
-7586,264.4,9605
-7647,264.2,9666
-7771,264.0,9790
-7857,263.4,9876
-7959,265.7,9978
-8033,264.9,10052
-8138,267.5,10157
-8259,266.9,10278
-8344,266.0,10363
-8467,265.1,10486
-8577,267.6,10596
-8671,264.8,10690
-8794,264.8,10813
-8855,265.0,10874
-8877,265.3,10896
-8945,264.4,10964
-8983,264.1,11002
-9064,264.2,11083
-9137,264.5,11156
-9186,264.0,11205
-9251,263.0,11270
-9286,265.2,11305
-9328,258.8,11347
-9388,260.8,11407
-9442,255.4,11461
-9486,253.9,11505
-9519,253.8,11538
-9630,250.7,11649
-9685,249.7,11704
-9726,251.1,11745
-9777,250.7,11796
-9869,245.3,11888
-9946,245.3,11965
-10008,246.6,12027
-10100,243.2,12119
-10172,240.3,12191
-10421,237.5,12440
-10546,237.6,12565
-10692,234.2,12711
-10810,238.3,12829
-10992,237.3,13011
-11140,237.9,13159
-11291,237.6,13310
-11490,236.4,13509
-11592,239.2,13611
-11703,238.6,13722
-11854,238.6,13873
-11998,239.1,14017
-12353,228.5,14372
-12600,228.4,14619
-12775,226.1,14794
-12940,225.2,14959
-13062,224.5,15081
-13283,222.0,15302
-13488,221.0,15507
-13620,220.9,15639
-13792,219.4,15811
-13936,214.0,15955
-14123,207.5,16142
-14310,207.7,16329
-14502,202.9,16521
-14709,200.8,16728
-14920,195.2,16939
-15161,193.9,17180
-15425,191.0,17444
-15615,188.5,17634
-15859,188.5,17878
-15993,189.2,18012
-16335,187.0,18354
-16591,188.6,18610
-16878,189.4,18897
-16918,192.3,18937
-16971,188.3,18990
-17397,188.7,19416
-17559,188.8,19578
-17798,190.0,19817
-18038,188.0,20057
-18218,188.2,20237
-18247,195.0,20266
-18552,187.8,20571
-18798,186.9,20817
-19061,186.5,21080
-19307,184.7,21326
-19557,186.1,21576
-19904,185.7,21923
-20065,184.4,22084
-20877,189.2,22896
-24044,191.6,26063
-27113,188.5,29132
-28070,191.7,30089
-33059,205.3,35078
-35521,209.1,37540
-41550,209.1,43569
-45386,189.3,47405
-46904,188.4,48923
-47740,210.1,49759
-48713,215.7,50732
-50432,190.4,52451
-55138,221.7,57157
-55707,210.4,57726
-60909,195.3,62928
-62989,191.4,65008
-63989,194.9,66008
-69099,227.3,71118
-71277,229.1,73296
-75200,217.1,77219
-76233,221.7,78252
-78664,230.9,80683
-80467,241.1,82486
-81383,236.4,83402
-82066,228.0,84085
-83070,214.2,85089
-84231,217.0,86250
-85967,208.0,87986
-88407,224.2,90426
-89299,228.3,91318
-92403,232.0,94422
-97899,225.8,99918
-98887,230.8,100906
-99799,236.9,101818
-101515,228.1,103534
-102754,236.9,104773
-103686,230.6,105705
-105629,238.2,107648
-106203,245.6,108222
-107854,251.2,109873
-109912,256.7,111931
-111312,266.3,113331
-112146,261.4,114165
-112651,274.5,114670
-113168,273.2,115187
-114551,262.5,116570
-115800,267.6,117819
-116699,273.7,118718
-117722,271.9,119741
-118432,265.2,120451
-119067,277.6,121086
-120394,272.1,122413
-121120,276.4,123139
-122263,268.7,124282
-122307,266.6,124326
-122839,266.3,124858
-123131,279.7,125150
-123312,273.0,125331
-123484,277.1,125503
-124397,273.7,126416
-124648,267.1,126667
-124936,262.5,126955
-125182,262.6,127201
-125672,275.3,127691
-125957,275.6,127976
-126394,274.0,128413
-126422,287.1,128441
-126659,286.8,128678
-126916,282.6,128935
-127196,264.1,129215
-127390,263.4,129409
-127702,257.9,129721
-127786,259.0,129805
-129379,245.0,131398
-129505,240.4,131524
-129778,228.9,131797
-130542,223.5,132561
-131119,223.9,133138
-131155,220.3,133174
-131477,210.6,133496
-132173,208.9,134192
-132337,203.7,134356
-133010,204.5,135029
-133164,200.4,135183
-133257,198.0,135276
-133653,198.0,135672
-133933,201.7,135952
-134061,200.7,136080
-134301,202.4,136320
-134617,195.8,136636
-134705,201.1,136724
-135343,194.3,137362
-135683,193.4,137702
-136032,194.2,138051
-136235,190.2,138254
-137325,192.3,139344
-137667,196.5,139686
-138949,195.6,140968
-139010,196.4,141029
-140108,190.4,142127
-143413,196.9,145432
-146881,203.0,148900
-147853,191.9,149872
-147971,188.9,149990
-149473,200.6,151492
-152530,189.0,154549
-153445,185.5,155464
-153863,187.5,155882
-157612,204.3,159631
-157993,196.5,160012
-159729,191.6,161748
-160278,190.1,162297
-161074,186.7,163093
-161748,183.8,163767
-162489,196.6,164508
-165233,197.8,167252
-167542,197.7,169561
-169401,196.0,171420
-170484,190.3,172503
-171185,189.4,173204
-171444,190.1,173463
-173356,207.7,175375
-175189,213.2,177208
-176229,217.7,178248
-177167,198.1,179186
-178118,199.7,180137
-180096,203.4,182115
-182735,210.7,184754
-184747,231.3,186766
-186486,231.4,188505
-187126,220.3,189145
-188402,218.0,190421
-190960,226.5,192979
-191531,220.0,193550
-193067,226.4,195086
-193723,241.2,195742
-194229,242.6,196248
-197022,250.9,199041
-197968,239.1,199987
-199213,247.6,201232
-200463,244.4,202482
-200924,231.9,202943
-201367,232.2,203386
-201887,228.6,203906
-202530,226.3,204549
-202958,229.4,204977
-203412,231.4,205431
-204002,238.1,206021
-204194,237.2,206213
-204860,230.0,206879
-205170,240.5,207189
-205594,242.2,207613
-206114,244.6,208133
-206304,243.9,208323
-206853,247.2,208872
-207045,252.0,209064
-207482,246.9,209501
-207867,239.5,209886
-208204,257.4,210223
-208863,243.4,210882
-209908,251.2,211927
-210766,241.4,212785
-211320,240.3,213339
-211586,242.6,213605
-212034,247.5,214053
-212509,251.7,214528
-212844,251.1,214863
-213432,245.3,215451
-214402,240.5,216421
-216411,214.1,218430
-217166,216.1,219185
-218108,207.1,220127
-218789,208.8,220808
-220080,205.6,222099
-222319,203.3,224338
-222973,215.7,224992
-223959,235.5,225978
-224761,234.5,226780
-225077,233.1,227096
-225826,224.5,227845
-227473,232.4,229492
-228472,233.9,230491
-229116,241.6,231135
-232867,245.2,234886
-233530,252.1,235549
-234164,241.4,236183
-234784,247.4,236803
-235344,243.1,237363
-235918,239.1,237937
-236608,245.6,238627
-237063,245.8,239082
-237527,247.4,239546
-238023,252.8,240042
-238995,259.7,241014
-239416,263.2,241435
-240057,279.0,242076
-240396,280.2,242415
-241121,263.7,243140
-241479,252.3,243498
-241906,249.9,243925
-242397,236.7,244416
-242914,230.4,244933
-243491,219.4,245510
-245731,214.7,247750
-248183,200.2,250202
-249055,213.9,251074
-249914,195.4,251933
-250789,196.7,252808
-251686,195.4,253705
-253548,199.0,255567
-254359,201.9,256378
-255150,204.0,257169
-256711,203.9,258730
-258403,209.6,260422
-258966,205.7,260985
-260142,208.9,262161
-260980,214.6,262999
-262559,228.1,264578
-263703,199.9,265722
-264376,211.7,266395
-265492,188.7,267511
-266231,187.2,268250
-267204,194.2,269223
-268272,198.8,270291
-269306,184.7,271325
-270361,190.4,272380
-271360,193.9,273379
-272371,194.1,274390
-273400,198.4,275419
-274376,193.2,276395
-275411,202.2,277430
-276400,204.5,278419
-277370,211.0,279389
-278319,215.3,280338
-279808,223.7,281827
-281835,231.3,283854
-283430,228.0,285449
-284178,226.4,286197
-285086,231.4,287105
-285588,230.4,287607
-286283,231.0,288302
-288203,234.9,290222
-288780,220.4,290799
-289417,217.1,291436
-290455,207.6,292474
-291107,206.0,293126
-291829,206.7,293848
-292618,212.7,294637
-293980,213.1,295999
-295971,217.1,297990
-296791,224.4,298810
-297671,231.0,299690
-298522,236.1,300541
-299452,239.0,301471
-300330,236.0,302349
-301276,240.2,303295
-302282,240.7,304301
-302951,250.2,304970
-303705,248.6,305724
-304597,244.8,306616
-305545,225.8,307564
-306794,227.8,308813
-307439,226.2,309458
-308218,233.2,310237
-309063,237.8,311082
-309918,239.0,311937
-310726,241.9,312745
-311464,251.6,313483
-312194,256.7,314213
-312917,257.1,314936
-313622,246.8,315641
-314250,272.6,316269
-314947,251.6,316966
-315784,245.2,317803
-316609,233.4,318628
-317530,255.8,319549
-318408,249.2,320427
-320065,257.2,322084
-320817,260.4,322836
-321576,260.3,323595
-322330,260.5,324349
-323021,266.2,325040
-323770,264.0,325789
-324371,266.1,326390
-325022,270.1,327041
-325640,271.9,327659
-326271,275.1,328290
-327525,265.0,329544
-328258,271.7,330277
-328790,272.6,330809
-329488,273.1,331507
-329994,282.4,332013
-330335,289.1,332354
-330512,288.4,332531
-330969,298.6,332988
-331430,278.1,333449
-331940,285.8,333959
-332311,278.6,334330
-332798,270.5,334817
-333337,255.7,335356
-333968,241.9,335987
-334775,239.6,336794
-335441,234.2,337460
-337348,250.1,339367
-338506,200.7,340525
-339852,205.2,341871
-341332,204.8,343351
-342496,211.9,344515
-344030,220.3,346049
-346348,221.1,348367
-347738,216.2,349757
-348975,209.4,350994
-350325,209.2,352344
-353352,193.0,355371
-354948,186.1,356967
-356762,185.8,358781
-359007,201.2,361026
-361435,206.3,363454
-364285,201.9,366304
-365906,199.9,367925
-367496,214.7,369515
-369140,224.6,371159
-370696,229.6,372715
-374618,227.0,376637
-376146,240.0,378165
-377746,239.1,379765
-379182,246.8,381201
-380720,245.8,382739
-382584,258.1,384603
-383448,264.6,385467
-384194,259.2,386213
-386112,255.2,388131
-387996,250.1,390015
-389946,266.3,391965
-390594,259.5,392613
-391629,273.6,393648
-392610,260.7,394629
-396136,276.3,398155
-397772,277.1,399791
-398554,283.2,400573
-400050,283.1,402069
-400781,275.7,402800
-402231,276.5,404250
-402977,280.5,404996
-404418,279.6,406437
-405143,285.6,407162
-406650,284.5,408669
-407433,275.2,409452
-407433,274.2,409452
-408256,282.6,410275
-409121,283.5,411140
-411012,274.9,413031
-411998,264.9,414017
-413013,271.6,415032
-413767,276.4,415786
-414243,271.7,416262
-415241,273.4,417260
-415748,271.8,417767
-416295,274.6,418314
-417310,273.7,419329
-417858,271.2,419877
-418400,273.8,420419
-419534,268.6,421553
-420124,266.4,422143
-420699,270.6,422718
-421814,267.7,423833
-422382,268.3,424401
-422890,270.8,424909
-423292,270.0,425311
-423619,265.4,425638
-424025,255.3,426044
-424648,252.1,426667
-425335,248.2,427354
-425616,242.5,427635
-427056,219.7,429075
-427926,227.2,429945
-429113,211.5,431132
-429495,207.6,431514
-430649,209.8,432668
-431724,207.5,433743
-432854,200.3,434873
-434039,201.7,436058
-435202,201.3,437221
-436406,202.0,438425
-437615,199.1,439634
-439270,201.1,441289
-440461,203.5,442480
-441612,208.1,443631
-442700,201.7,444719
-443879,201.2,445898
-445034,204.9,447053
-446153,201.9,448172
-447294,198.4,449313
-448505,193.3,450524
-449643,192.5,451662
-450333,199.1,452352
-450845,204.3,452864
-451564,203.3,453583
-452073,208.3,454092
-453329,202.4,455348
-454641,195.5,456660
-456099,190.7,458118
-457480,194.4,459499
-458842,199.9,460861
-459737,205.2,461756
-460183,210.0,462202
-461506,208.1,463525
-462916,204.4,464935
-464315,203.4,466334
-465652,205.5,467671
-466373,206.5,468392
-466860,215.5,468879
-467520,218.7,469539
-467991,229.2,470010
-468647,232.7,470666
-469096,243.7,471115
-469813,243.9,471832
-470145,245.6,472164
-471152,241.2,473171
-472212,233.1,474231
-473268,232.8,475287
-474290,236.6,476309
-475212,239.1,477231
-475769,236.5,477788
-476174,231.3,478193
-476771,220.8,478790
-477194,218.8,479213
-478158,223.8,480177
-479085,223.4,481104
-479982,227.3,482001
-480853,231.4,482872
-481699,231.4,483718
-482515,231.2,484534
-483326,233.0,485345
-484093,232.9,486112
-484866,231.3,486885
-485591,237.1,487610
-486318,242.0,488337
-486739,240.9,488758
-487046,252.8,489065
-487525,249.3,489544
-487772,242.6,489791
-488495,243.3,490514
-489241,246.7,491260
-490009,243.7,492028
-490788,239.7,492807
-491557,239.1,493576
-492361,238.3,494380
-493135,238.5,495154
-493903,237.6,495922
-494658,236.4,496677
-495416,236.5,497435
-496154,232.8,498173
-496915,230.6,498934
-497660,230.8,499679
-498413,228.2,500432
-499180,230.8,501199
-499916,231.2,501935
-500675,232.0,502694
-501425,232.2,503444
-502133,234.1,504152
-502827,233.9,504846
-503566,235.5,505585
-504337,236.0,506356
-505061,238.2,507080
-505764,237.0,507783
-506526,240.3,508545
-507297,233.4,509316
-508058,236.4,510077
-508815,235.2,510834
-509565,242.0,511584
-510319,238.2,512338
-511047,239.2,513066
-511774,241.5,513793
-512479,243.0,514498
-513163,247.2,515182
-513821,246.2,515840
-514467,245.5,516486
-515119,245.3,517138
-515756,247.7,517775
-516384,245.5,518403
-517015,243.5,519034
-518942,241.9,520961
-519602,236.8,521621
-520266,235.8,522285
-520973,233.7,522992
-521716,230.3,523735
-522459,227.8,524478
-523214,224.7,525233
-523958,222.7,525977
-524711,221.2,526730
-525504,220.3,527523
-526312,220.7,528331
-526797,214.5,528816
-527151,211.4,529170
-527690,204.4,529709
-528066,200.0,530085
-528735,195.1,530754
-529085,193.8,531104
-529712,190.5,531731
-530169,199.8,532188
-531296,199.4,533315
-532414,205.0,534433
-533533,206.4,535552
-534672,212.9,536691
-535820,211.2,537839
-537009,205.0,539028
-538204,203.6,540223
-539395,208.1,541414
-540552,210.3,542571
-541726,209.6,543745
-542854,209.7,544873
-544006,204.6,546025
-545063,202.5,547082
-545623,208.8,547642
-546022,213.6,548041
-546983,215.2,549002
-547880,219.9,549899
-548687,221.7,550706
-549174,222.3,551193
-549502,226.3,551521
-550029,222.1,552048
-550300,220.3,552319
-551011,223.6,553030
-551676,224.3,553695
-552304,226.7,554323
-552881,233.9,554900
-553395,241.0,555414
-553687,243.0,555706
-553889,249.1,555908
-554193,244.0,556212
-554414,250.5,556433
-554774,245.6,556793
-554939,240.4,556958
-555435,238.1,557454
-555937,234.5,557956
-556233,229.7,558252
-556443,230.2,558462
-556979,230.3,558998
-557511,228.3,559530
-558022,231.6,560041
-558509,231.9,560528
-558980,234.6,560999
-559359,234.1,561378
-559896,240.1,561915
-560322,242.3,562341
-560740,245.7,562759
-561165,245.8,563184
-561567,247.6,563586
-561968,251.4,563987
-562361,252.4,564380
-562749,252.6,564768
-563127,251.4,565146
-563516,253.7,565535
-563901,254.3,565920
-564283,253.9,566302
-564669,254.5,566688
-565057,253.2,567076
-565431,253.9,567450
-565827,252.8,567846
-566217,253.0,568236
-566606,250.2,568625
-566996,251.3,569015
-567381,250.0,569400
-567778,251.3,569797
-568189,251.8,570208
-568598,251.8,570617
-569005,249.6,571024
-569417,251.6,571436
-569825,250.3,571844
-570240,246.3,572259
-570669,247.7,572688
-571087,249.2,573106
-571512,248.7,573531
-571952,251.8,573971
-572403,251.9,574422
-572853,252.1,574872
-573315,248.9,575334
-573780,252.5,575799
-574272,252.9,576291
-574773,251.3,576792
-575292,251.3,577311
-575819,251.1,577838
-576355,249.1,578374
-576907,252.9,578926
-577485,251.5,579504
-577871,244.1,579890
-578069,243.8,580088
-578450,236.2,580469
-578745,230.3,580764
-579210,225.2,581229
-579557,219.4,581576
-580050,215.4,582069
-580441,209.9,582460
-581084,206.7,583103
-581463,210.6,583482
-584456,224.0,586475
-584943,226.0,586962
-585697,234.4,587716
-586084,238.8,588103
-586766,246.3,588785
-587274,250.2,589293
-587918,248.1,589937
-588385,243.6,590404
-588943,237.4,590962
-590329,225.7,592348
-590747,229.4,592766
-591465,233.2,593484
-591920,238.1,593939
-592689,238.0,594708
-593239,232.9,595258
-594000,221.2,596019
-594565,216.4,596584
-595493,216.3,597512
-596016,219.0,598035
-596883,226.0,598902
-597484,229.4,599503
-598932,232.5,600951
-600328,237.9,602347
-601723,239.1,603742
-603126,244.5,605145
-604424,248.5,606443
-605758,254.6,607777
-606979,259.2,608998
-608186,257.7,610205
-609369,259.6,611388
-610564,258.0,612583
-611759,256.0,613778
-612973,252.5,614992
-614277,252.4,616296
-615594,252.3,617613
-617005,247.9,619024
-618388,245.4,620407
-619810,243.0,621829
-621264,238.6,623283
-622740,237.3,624759
-623620,234.3,625639
-624265,227.8,626284
-625261,214.9,627280
-626049,205.0,628068
-627496,198.7,629515
-628345,199.9,630364
-630051,199.5,632070
-630906,195.6,632925
-632642,192.1,634661
-633539,193.9,635558
-635007,193.0,637026
-636177,194.3,638196
-637898,187.7,639917
-638810,189.1,640829
-640455,190.2,642474
-641254,190.4,643273
-642712,194.1,644731
-643520,194.6,645539
-644773,188.6,646792
-645638,190.5,647657
-646996,192.1,649015
-647648,194.8,649667
-648941,187.8,650960
-649606,192.0,651625
-650852,185.8,652871
-651498,185.3,653517
-652523,191.3,654542
-653252,193.2,655271
-654336,198.4,656355
-654932,198.7,656951
-655973,191.3,657992
-656524,189.2,658543
-657574,182.4,659593
-658134,183.9,660153
-659031,186.6,661050
-659700,189.8,661719
-660719,187.8,662738
-661256,189.0,663275
-662242,189.1,664261
-662740,185.8,664759
-663695,178.2,665714
-664224,178.5,666243
-665045,172.7,667064
-665619,171.6,667638
-666497,175.6,668516
-666984,178.5,669003
-667801,185.5,669820
-668226,189.3,670245
-668966,192.6,670985
-669336,194.6,671355
-669976,192.5,671995
-670436,194.8,672455
-671145,198.7,673164
-671525,202.3,673544
-672223,209.2,674242
-672571,213.7,674590
-673639,220.0,675658
-674220,217.4,676239
-674574,214.0,676593
-675118,215.6,677137
-675430,217.4,677449
-676034,226.5,678053
-676341,230.0,678360
-676964,230.8,678983
-677302,230.3,679321
-677782,223.0,679801
-678131,225.0,680150
-678658,218.4,680677
-678970,216.2,680989
-679581,217.3,681600
-679899,219.7,681918
-680496,222.6,682515
-680812,221.3,682831
-681312,218.7,683331
-681662,217.5,683681
-682192,217.5,684211
-682469,219.4,684488
-682999,219.5,685018
-683267,219.7,685286
-683766,223.5,685785
-684030,224.4,686049
-684475,224.3,686494
-684776,227.3,686795
-685277,228.7,687296
-685520,228.8,687539
-685999,232.3,688018
-686245,233.0,688264
-686702,235.8,688721
-686931,234.9,688950
-687354,235.8,689373
-687653,239.9,689672
-688107,235.6,690126
-688344,234.8,690363
-688821,240.0,690840
-689049,234.0,691068
-689482,235.6,691501
-689722,236.6,691741
-690107,235.5,692126
-690388,235.9,692407
-690815,232.9,692834
-691040,234.8,693059
-691483,234.1,693502
-691689,234.1,693708
-692118,235.4,694137
-692350,234.4,694369
-692722,235.8,694741
-692991,236.9,695010
-693433,236.7,695452
-693668,237.6,695687
-694112,234.6,696131
-694337,234.8,696356
-694767,235.4,696786
-695013,232.9,697032
-695381,232.4,697400
-695710,232.2,697729
-696170,231.0,698189
-696436,228.0,698455
-696930,226.4,698949
-697152,227.7,699171
-697683,227.6,699702
-697959,226.0,699978
-698439,228.7,700458
-698794,227.6,700813
-699292,228.2,701311
-699656,228.8,701675
-700208,229.3,702227
-700431,230.3,702450
-701038,232.4,703057
-701434,232.8,703453
-701984,231.2,704003
-702261,231.2,704280
-703023,233.9,705042
-703460,228.5,705479
-704191,228.6,706210
-704459,228.1,706478
-707730,219.7,709749
-708287,220.2,710306
-709154,218.9,711173
-709471,218.7,711490
-710883,218.5,712902
-711893,222.3,713912
-712338,221.7,714357
-713230,217.7,715249
-713800,222.1,715819
-714754,208.1,716773
-715115,205.0,717134
-716114,192.9,718133
-716829,184.3,718848
-717844,187.8,719863
-718387,195.2,720406
-719368,206.3,721387
-720089,211.3,722108
-721183,213.4,723202
-721514,213.2,723533
-722495,210.3,724514
-723109,206.3,725128
-723987,206.6,726006
-724372,208.1,726391
-725242,204.5,727261
-725782,205.5,727801
-726618,205.1,728637
-726971,205.4,728990
-728349,204.0,730368
-728999,204.1,731018
-729379,204.9,731398
-730191,203.8,732210
-730598,205.9,732617
-731311,203.9,733330
-731593,204.4,733612
-732273,205.3,734292
-732654,207.4,734673
-733217,201.7,735236
-733509,201.3,735528
-734129,204.1,736148
-734510,209.7,736529
-735084,208.1,737103
-735316,211.3,737335
-735939,210.6,737958
-736322,206.5,738341
-736894,200.3,738913
-737187,197.8,739206
-737892,185.0,739911
-738327,178.9,740346
-739071,178.6,741090
-739357,176.6,741376
-740125,177.9,742144
-740608,182.3,742627
-741283,181.7,743302
-741639,180.4,743658
-742404,181.2,744423
-742893,182.0,744912
-743886,180.2,745905
-744693,183.1,746712
-745160,180.8,747179
-745809,180.8,747828
-746151,180.4,748170
-746963,181.4,748982
-747451,182.9,749470
-748244,184.8,750263
-748526,184.0,750545
-749351,186.2,751370
-749880,190.1,751899
-750655,188.0,752674
-751028,196.5,753047
-752034,191.5,754053
-752444,195.8,754463
-753291,200.5,755310
-753545,201.9,755564
-754407,206.0,756426
-754921,210.7,756940
-755611,215.0,757630
-756012,219.2,758031
-756309,215.3,758328
-756525,217.6,758544
-756933,217.9,758952
-757356,214.9,759375
-758252,208.8,760271
-758550,206.9,760569
-759503,206.1,761522
-760114,212.0,762133
-760921,216.0,762940
-761369,215.0,763388
-761736,225.7,763755
-761984,221.4,764003
-762299,224.1,764318
-762883,222.6,764902
-763785,216.8,765804
-764160,215.7,766179
-765146,213.5,767165
-765787,217.7,767806
-766705,222.4,768724
-767100,221.4,769119
-767564,228.1,769583
-767837,226.0,769856
-768183,231.5,770202
-768497,235.6,770516
-768774,238.2,770793
-769044,235.6,771063
-769310,237.7,771329
-769758,229.5,771777
-770126,230.9,772145
-771093,230.0,773112
-771730,233.3,773749
-772598,236.9,774617
-773101,240.5,775120
-774087,238.8,776106
-774686,243.9,776705
-775606,246.3,777625
-775950,246.1,777969
-776848,245.8,778867
-777414,243.9,779433
-778318,248.5,780337
-778662,242.8,780681
-779585,248.7,781604
-780109,246.2,782128
-781313,252.1,783332
-782197,246.9,784216
-782742,250.7,784761
-783463,253.3,785482
-783839,255.4,785858
-784637,260.3,786656
-785126,256.9,787145
-785855,248.1,787874
-786083,247.9,788102
-786937,229.5,788956
-787431,226.3,789450
-788203,218.2,790222
-788588,221.3,790607
-789541,215.4,791560
-790131,205.1,792150
-790993,204.0,793012
-791310,209.0,793329
-792658,199.4,794677
-793252,195.2,795271
-794517,189.3,796536
-795149,188.4,797168
-796562,191.0,798581
